,start,end,x,y,bezit,code
0,11.0468346428,18.2224774391,2,2,NEC,Nothing
1,15.2224774391,25.5262705152,1,3,NEC,Nothing
2,26.4840105919,36.5557660846,1,3,NEC,Nothing
3,33.9715375678,43.513543758199994,3,2, TEG,Nothing
4,40.5135437582,51.227930207600004,3,3, TEG,Nothing
5,49.3904229022,53.5903901992,1,2,NEC,Nothing
6,51.2279310076,54.6305406254,3,3, TEG,Nothing
7,51.6305406254,59.414429920299995,2,3, TEG,Nothing
8,56.846255688199996,62.5002569752,2,2,NEC,Nothing
9,59.5002569752,68.2522171993,1,2,NEC,Nothing
10,65.2522171993,69.56405152010001,2,3,NEC,Nothing
11,67.16405670340001,75.5140524479,2,3, TEG,Nothing
12,72.906054884,77.0661122825,2,2,NEC,Nothing
13,74.0661122825,84.0640198408,1,2,NEC,Nothing
14,81.9917293452,87.37579922559999,3,3, TEG,Nothing
15,98.8919763536,109.1636268834,1,2,NEC,Nothing
16,106.6916324175,111.8975294769,3,2, TEG,Nothing
17,108.8975294769,115.1694962475,3,3, TEG,Nothing
18,114.8973313235,121.6395559874,2,1,NEC,Nothing
19,118.6395559874,124.06377987489999,2,2,NEC,Nothing
20,121.06377987489999,129.1913839035,1,2,NEC,Nothing
21,126.19138390350001,130.7977958113,2,3,NEC,Nothing
22,127.79779581129999,135.94170527030002,1,3,NEC,Nothing
23,132.94170527030002,141.7573534102,1,4,NEC,Nothing
24,141.2035187139,162.11454857180001,2,1, TEG,Nothing
25,160.2868012607,164.6466925533,2,2,NEC,Nothing
26,161.6466925533,166.5266714615,3,2,NEC,Nothing
27,164.0306619966,169.30263079440002,1,3, TEG,Nothing
28,166.7345955859,180.5321310059,3,2,NEC,Nothing
29,178.51615225220002,183.1462419889,1,2, TEG,Nothing
30,189.2740876701,204.4216962567,3,3,NEC,Nothing
31,201.4216962567,211.16547934,2,4,NEC,Nothing
32,215.17818664060002,231.8894547897,3,4,NEC,Nothing
33,228.8894547897,238.1910866309,3,3,NEC,Nothing
34,235.1910866309,238.5831497012,3,4,NEC,Nothing
35,240.25491833689998,265.8301268206,2,1, TEG,Nothing
36,262.8301268206,267.1924917546,1,3, TEG,Nothing
37,265.1924136887,269.71235304009997,2,2,NEC,Nothing
38,266.71235304009997,277.14413678290003,2,1,NEC,Nothing
39,274.14413678290003,281.2059903218,1,2,NEC,Nothing
40,278.2059903218,282.2381117043,2,2,NEC,Nothing
41,279.2381117043,288.2597644889,3,2,NEC,Nothing
42,285.2597644889,291.0955523449,1,2,NEC,Nothing
43,291.0955531449,296.2673014043,1,2,NEC,Nothing
44,293.2673014043,301.1609962374,1,3,NEC,Nothing
45,298.1609962374,304.912885524,1,4,NEC,Nothing
46,301.912885524,310.0232243922,2,4,NEC,Nothing
47,307.0232243922,313.71122798380003,2,3,NEC,Nothing
48,310.71122798380003,317.85506823549997,1,4,NEC,Nothing
49,314.85506823549997,323.0068482204,2,4,NEC,Nothing
50,325.3879329359,357.53078606199995,2,1, TEG,Nothing
51,354.53078606199995,357.8988764332,1,3, TEG,Nothing
52,355.6136544407,360.8136848713,3,2,NEC,Nothing
53,358.00552238550006,361.5734560935,1,3, TEG,Nothing
54,358.5734560935,367.9573990086,1,2, TEG,Nothing
55,371.1309513053,388.24245746379995,1,2, TEG,Nothing
56,385.6950563292,392.2790380245,2,2,NEC,Nothing
57,389.70288281629996,395.15881256190005,2,2, TEG,Nothing
58,392.8708870746,397.9668979391,3,2,NEC,Nothing
59,394.9668979391,408.1324304581,3,3,NEC,Nothing
60,405.1324304581,411.38635416019997,2,3,NEC,Nothing
61,408.38635416019997,419.8181334932,1,3,NEC,Nothing
62,416.8181334932,432.58402841080004,1,4,NEC,Nothing
63,429.58402841080004,436.60575160559995,2,4,NEC,Nothing
64,433.8458187935,439.3656852176,3,4,NEC,Nothing
65,436.60575240559996,443.66159078879997,2,4,NEC,Nothing
66,440.66159078879997,447.18730358269994,3,4,NEC,Nothing
67,444.18730358269994,450.9712580081,2,4,NEC,Nothing
68,449.5151722271,456.5519998743,2,2, TEG,Nothing
69,453.5519998743,467.3354962833,3,2, TEG,Nothing
70,464.3354962833,468.31850338510003,3,3, TEG,Nothing
71,487.79772129319997,504.4050785161,3,3, TEG,Nothing
72,501.4050785161,505.25829331029996,2,4, TEG,Nothing
73,502.486285315,508.0303021057,2,3, TEG,Nothing
74,505.25829411029997,516.8779803609,2,4, TEG,Nothing
75,527.8268989457,541.0264564043,3,4, TEG,Nothing
76,538.5490176086,542.4929645418,2,1,NEC,Nothing
77,539.4929645418,560.2437897214,3,1,NEC,Nothing
78,557.6918397633,561.6516762701999,1,2, TEG,Nothing
79,558.6516762701999,567.2181025122001,2,2, TEG,Nothing
80,566.5780814125,570.7618438804,1,2,NEC,Nothing
81,567.7618438804,575.7599374525,2,1,NEC,Nothing
82,572.7599374525,577.7277691573,2,3,NEC,Nothing
83,575.7198129233,580.3036921924,2,2, TEG,Nothing
84,577.3036921924,589.4153450662001,3,3, TEG,Nothing
85,586.4153450662001,590.3480646787,2,2, TEG,Nothing
86,587.3480646787,591.9720481273,2,3, TEG,Nothing
87,588.9720481273,599.4995715229,1,3, TEG,Nothing
88,596.4995715229,602.8258650118,1,2, TEG,Nothing
89,602.937682868,608.4097322173001,2,2, TEG,Nothing
90,605.4097322173001,609.6495075406,3,2, TEG,Nothing
91,606.6495075406,612.5591348138,2,3, TEG,Nothing
92,609.5591348138,614.3271026552,2,4, TEG,Nothing
93,613.5111072019,617.4551310585,1,1,NEC,Nothing
94,614.4551310585,623.5646989179,1,2,NEC,Nothing
95,620.5646989179,626.8285903551,1,3,NEC,Nothing
96,624.9404961812,637.0202081140001,3,3, TEG,Nothing
97,634.8173078455001,640.8729717929,1,3,NEC,Nothing
98,657.6242997879,667.239973527,3,2, TEG,Nothing
99,664.239973527,672.2744508802,1,3, TEG,Nothing
100,669.2744508802,676.6663893061,1,2, TEG,Nothing
101,673.6663893061,687.6549609953,2,2, TEG,Nothing
102,684.6549609953,693.934018476,3,2, TEG,Nothing
103,695.0200711795,699.3002208217999,2,1,NEC,Nothing
104,696.3002208217999,701.6999905842999,2,2,NEC,Nothing
105,698.6999905842999,704.4840010019,1,2,NEC,Nothing
106,701.4840010019,709.6278351697,1,3,NEC,Nothing
107,707.241556987,712.0735113497999,2,2, TEG,Nothing
108,709.0735113497999,713.0175288128,3,2, TEG,Nothing
109,713.6893331947,727.6693309892,1,3,NEC,Nothing
110,724.6693309892,730.0772434274,1,4,NEC,Nothing
111,728.2685811092999,735.5163385942999,3,2, TEG,Nothing
112,732.5163385942999,738.380218199,2,2, TEG,Nothing
113,735.380218199,742.4118836095,2,3, TEG,Nothing
114,742.2978261559,746.6657063147001,2,1,NEC,Nothing
115,743.6657063147001,749.4178760602999,2,2,NEC,Nothing
116,746.4178760602999,755.0814376855001,1,2,NEC,Nothing
117,752.0814376855001,757.3988546014,2,2,NEC,Nothing
118,754.3988546014,763.0944550639,3,2,NEC,Nothing
119,760.7264549432001,764.5183819252001,1,2, TEG,Nothing
120,763.91655566,768.7483479662,3,2,NEC,Nothing
121,765.7483479662,774.7621401575999,2,2,NEC,Nothing
122,771.7621401575999,783.050095019,1,2,NEC,Nothing
123,780.8740148018,785.3059568706,2,1, TEG,Nothing
124,782.3059568706,793.0624283685,3,2, TEG,Nothing
125,795.3337446323,803.9174712145,2,2,NEC,Nothing
126,800.9174712145,804.6984899294,1,2,NEC,Nothing
127,801.6984899294,809.3064079850999,1,3,NEC,Nothing
128,809.6583932568,814.0422687605001,2,1, TEG,Nothing
129,811.0422687605001,819.8571505975999,2,2, TEG,Nothing
130,816.8571505975999,825.6569417274001,3,2, TEG,Nothing
131,822.6569417274001,831.9346056466001,2,2, TEG,Nothing
132,828.9346056466001,840.3821254569999,3,3, TEG,Nothing
133,837.8621214411,842.1396419113,1,1,NEC,Nothing
134,839.1396419113,845.4513558535001,2,1,NEC,Nothing
135,843.1473388181,847.3394894523,2,3, TEG,Nothing
136,844.3394894523,847.9432871567999,2,2, TEG,Nothing
137,847.9432879568,851.4343247721,2,2, TEG,Nothing
138,849.1392369456,853.7294133986001,3,2, TEG,Nothing
139,851.4343255721001,860.6170561803,2,2, TEG,Nothing
140,857.6170561803,865.5207952753999,3,2, TEG,Nothing
141,862.5207952753999,883.2940972753,2,2, TEG,Nothing
142,880.2940972753,890.5149465674001,3,2, TEG,Nothing
143,887.5149465674001,892.042832058,2,2, TEG,Nothing
144,889.042832058,897.2984192274,2,3, TEG,Nothing
145,897.5748851488,902.6626736768,2,1,NEC,Nothing
146,899.6626736768,907.5506393986999,1,2,NEC,Nothing
147,904.5506393986999,918.3095763069999,2,2,NEC,Nothing
148,915.3095763069999,922.3634499714,1,3,NEC,Nothing
149,923.4352239854,940.8955370342999,1,3,NEC,Nothing
150,938.4393747291999,945.1194082024001,2,2, TEG,Nothing
151,942.1194082024001,950.0770780928,1,3, TEG,Nothing
152,947.0770780928,952.4209252414,2,3, TEG,Nothing
153,949.4209252414,956.2529777891,3,3, TEG,Nothing
154,953.2529777891,957.290976453,3,4, TEG,Nothing
155,954.290976453,961.8187221636999,2,4, TEG,Nothing
156,980.8897549548,987.5135513855,3,4, TEG,Nothing
157,984.5135513855,991.2399072931,2,4, TEG,Nothing
158,988.4199002524001,994.0599151339,3,4, TEG,Nothing
159,991.2399080931,995.6838518457,2,4, TEG,Nothing
160,1011.1210435797,1017.5606911722,3,4, TEG,Nothing
161,1014.5606911722,1020.8130404497999,2,4, TEG,Nothing
162,1019.2050489952001,1022.5409092123,2,1,NEC,Nothing
163,1019.5409092123,1027.2527309847,1,2,NEC,Nothing
164,1024.2527309847,1031.118371584,1,3,NEC,Nothing
165,1029.3943448184,1032.8423991497,1,2,NEC,Nothing
166,1031.118372384,1043.6480147048,1,3,NEC,Nothing
167,1045.2157447350999,1053.4797139252,1,3,NEC,Nothing
168,1050.4797139252,1058.9326761892999,1,4,NEC,Nothing
169,1056.6366073392,1062.8204507919,3,1, TEG,Nothing
170,1059.8204507919,1064.5386432667,2,2, TEG,Nothing
171,1080.7218855445,1084.2898997662,2,2, TEG,Nothing
172,1081.2898997662,1094.6844261254,3,2, TEG,Nothing
173,1091.6844261254,1103.4992361787,2,1, TEG,Nothing
174,1100.4992361787,1106.6512566757,3,2, TEG,Nothing
175,1109.8249744291,1128.5095475198,1,2,NEC,Nothing
176,1125.5095475198,1131.8694363454,2,3,NEC,Nothing
177,1128.8694363454,1133.0036423529,3,3,NEC,Nothing
178,1130.0036423529,1135.8195941942,2,4,NEC,Nothing
179,1134.371503742,1137.9314112425,2,1, TEG,Nothing
180,1134.9314112425,1140.2832982623,1,1, TEG,Nothing
181,1137.2832982623,1142.3232090981,1,2, TEG,Nothing
182,1140.9770202429,1153.8806361197,2,3,NEC,Nothing
183,1216.1145527344,1221.5146425875,2,1,NEC,Nothing
184,1218.5146425875,1228.4262365621,2,2,NEC,Nothing
185,1225.4262365621,1233.5433816319,1,2,NEC,Nothing
186,1230.5433816319,1240.6709933009,1,3,NEC,Nothing
187,1252.0002219347,1260.9360309189,3,2, TEG,Nothing
188,1257.9360309189,1263.7917911972,2,2, TEG,Nothing
189,1260.7917911972,1271.1507165855,1,2, TEG,Nothing
190,1281.4300886131,1290.6218273284,1,2, TEG,Nothing
191,1288.3775417561,1291.7297130173,3,3,NEC,Nothing
192,1288.7297130173,1296.0813705362,2,3,NEC,Nothing
193,1309.5689118604,1319.0405446309,2,1, TEG,Nothing
194,1316.0405446309,1319.2661822869,3,3, TEG,Nothing
195,1317.2821526846,1321.2502126892,2,3, TEG,Nothing
196,1319.2661830869001,1325.3859828458,3,3, TEG,Nothing
197,1322.3859828458,1330.4418034868,2,3, TEG,Nothing
198,1327.4418034868,1333.0367646302,1,3, TEG,Nothing
199,1333.0367654302001,1364.6970231204,1,3, TEG,Nothing
200,1364.0090908932,1376.5832316395001,1,4, TEG,Nothing
201,1374.3433008466,1386.5509281913,2,2,NEC,Nothing
202,1385.5567356017002,1390.6366562345002,2,2, TEG,Nothing
203,1387.6366562345002,1397.1244100307001,2,3, TEG,Nothing
204,1395.8982228672,1402.8502088982,2,2,NEC,Nothing
205,1399.6550652675,1419.6550652675,0,0,NEC,Goal NEC
206,1399.8502088982,1412.3857622499,1,4,NEC,Nothing
207,1409.3857622499,1416.1029902064001,2,4,NEC,Nothing
208,1464.9250812412,1475.4745815852,2,2, TEG,Nothing
209,1472.4745815852,1481.2263551165,3,2, TEG,Nothing
210,1478.2263551165,1485.5120989902,3,4, TEG,Nothing
211,1506.1113340635,1512.4470292835001,3,4, TEG,Nothing
212,1509.4470292835001,1519.5057632892,2,4, TEG,Nothing
213,1524.5266797995998,1546.3261434273002,2,1,NEC,Nothing
214,1543.3261434273002,1548.6499738495002,2,3,NEC,Nothing
215,1545.6499738495002,1548.9697705412,3,3,NEC,Nothing
216,1547.4659409395001,1557.5696514313001,1,2, TEG,Nothing
217,1554.5696514313001,1562.3751155251,1,4, TEG,Nothing
218,1570.2307741603,1575.7368602533,1,4, TEG,Nothing
219,1575.7368610533,1582.8591551752,1,4, TEG,Nothing
220,1579.8591551752,1591.7547044251999,2,4, TEG,Nothing
221,1600.8156133917998,1616.0311951589001,1,4, TEG,Nothing
222,1613.0311951589001,1628.2088332794,2,4, TEG,Nothing
223,1627.9766180712,1633.6326765886,2,1,NEC,Nothing
224,1630.6326765886,1636.7908107148999,2,2,NEC,Nothing
225,1633.7908107148999,1641.6864608072,3,3,NEC,Nothing
226,1638.6864608072,1642.8225109317002,2,3,NEC,Nothing
227,1639.8225109317002,1654.0839761841,3,2,NEC,Nothing
228,1658.0518104179998,1676.3281568265,2,2, TEG,Nothing
229,1673.7841029207998,1686.6538099383,3,1,NEC,Nothing
230,1745.4484123753,1759.3255466616001,3,2,NEC,Nothing
231,1756.3255466616001,1760.7494703348998,2,3,NEC,Nothing
232,1757.7494703348998,1764.1893911164002,3,3,NEC,Nothing
233,1761.1893911164002,1768.0291712404999,2,4,NEC,Nothing
234,1765.915460928,1771.5871496199,1,1, TEG,Nothing
235,1777.7363018903,1789.6399156667999,3,4,NEC,Nothing
236,1787.1739829423998,1796.8617744586,1,1, TEG,Nothing
237,1793.8617744586,1803.7300662048,1,3, TEG,Nothing
238,1802.5060977829,1809.0658903117,3,2,NEC,Nothing
239,1806.7379318598998,1815.3357937909,2,3, TEG,Nothing
240,1812.6798066136998,1818.5516600972,2,2,NEC,Nothing
241,1821.5188066648002,1825.7749277692,3,2,NEC,Nothing
242,1822.7749277692,1828.3826190182,2,2,NEC,Nothing
243,1825.3826190182,1831.5584243254,1,2,NEC,Nothing
244,1828.5584243254,1834.9001896542002,1,3,NEC,Nothing
245,1831.9001896542002,1840.9401409565,2,2,NEC,Nothing
246,1837.9401409565,1848.4585902953,3,2,NEC,Nothing
247,1845.4585902953,1849.4984622579,3,3,NEC,Nothing
248,1846.4984622579,1852.0242393166,2,2,NEC,Nothing
249,1849.0242393166,1852.9520436686998,1,2,NEC,Nothing
250,1849.9520436686998,1857.0638149833999,1,3,NEC,Nothing
251,1854.0638149833999,1864.7581115163,2,4,NEC,Nothing
252,1869.9419268242002,1884.5175552035998,2,1, TEG,Nothing
253,1881.5175552035998,1887.1932915207,3,3, TEG,Nothing
254,1886.3530402681,1890.8250438041,1,2,NEC,Nothing
255,1907.8402605966,1913.8320605620002,3,3, TEG,Nothing
256,1910.8320605620002,1914.3120172671,2,4, TEG,Nothing
257,1913.0906912970001,1923.9784381469,3,2,NEC,Nothing
258,1922.664477755,1926.5363648173002,2,2, TEG,Nothing
259,1923.5363648173002,1930.4003804328,3,2, TEG,Nothing
260,1927.4003804328,1939.3279068657,2,2, TEG,Nothing
261,1939.1171944403,1944.4610971649,2,3,NEC,Nothing
262,1942.0129418144,1948.1408456637,2,2, TEG,Nothing
263,1945.1408456637,1952.6128133678,1,3, TEG,Nothing
264,1949.6128133678,1954.9778180103,1,4, TEG,Nothing
265,1951.9778180103,1962.0337229317001,2,4, TEG,Nothing
266,1972.1978691223,1985.355640077,1,1,NEC,Nothing
267,1982.355640077,1987.4754201851001,1,2,NEC,Nothing
268,1987.4754209851,1995.5049984507,1,2,NEC,Nothing
269,1995.5049992507002,2002.6167265963,1,2,NEC,Nothing
270,1999.6167265963,2005.5824295448,1,3,NEC,Nothing
271,2003.4224028006,2011.8622616492999,2,2, TEG,Nothing
272,2008.8622616492999,2013.6203890945,2,3, TEG,Nothing
273,2014.5001387905,2022.0601284502,3,3, TEG,Nothing
274,2019.0601284502,2026.1457887283,3,4, TEG,Nothing
275,2023.1457887283,2029.4097054212,3,3, TEG,Nothing
276,2026.4097054212,2031.6655161989001,2,4, TEG,Nothing
277,2029.6561694936,2038.1037865634,3,1,NEC,Nothing
278,2038.271704435,2046.4475458142,1,3, TEG,Nothing
279,2043.4475458142,2053.7324028657,1,4, TEG,Nothing
280,2055.6895375646,2078.5367873872,2,1,NEC,Nothing
281,2075.5367873872,2090.7235337642,3,3,NEC,Nothing
282,2088.0754290812,2092.6810690626003,1,1, TEG,Nothing
283,2089.6810690626003,2095.1049288001,1,2, TEG,Nothing
284,2094.2888181998,2100.0248345301998,3,3,NEC,Nothing
285,2097.0248345301998,2101.6077602223,2,3,NEC,Nothing
286,2098.6077602223,2112.3594793142,1,3,NEC,Nothing
287,2109.3594793142,2125.2748173653,1,4,NEC,Nothing
288,2122.2748173653,2133.0432584911,3,3,NEC,Nothing
289,2130.0432584911,2134.832567343,3,4,NEC,Nothing
290,2149.3839464676003,2156.2157551697,1,1, TEG,Nothing
291,2153.2157551697,2160.011153792,1,2, TEG,Nothing
292,2158.6910675151003,2162.2029547549,2,3,NEC,Nothing
293,2159.2029547549,2179.3838038170998,3,3,NEC,Nothing
294,2185.3577990032,2190.5097302907,3,3,NEC,Nothing
295,2187.5097302907,2192.1076637035,3,2,NEC,Nothing
296,2189.1076637035,2196.2676363381,2,2,NEC,Nothing
297,2193.2676363381,2208.7606449585996,3,4,NEC,Nothing
298,2211.6322366877,2218.5105715693,3,4,NEC,Nothing
299,2215.5105715693,2219.4226681114,2,4,NEC,Nothing
300,2217.3345568664004,2225.6862344024,2,2, TEG,Nothing
301,2223.8684102539,2234.5160545273,3,3,NEC,Nothing
302,2231.5160545273,2246.3444283271,2,4,NEC,Nothing
303,2311.2029739389,2325.0426084473997,2,4,NEC,Nothing
304,2322.0426084473997,2327.9366407595003,1,4,NEC,Nothing
305,2331.9764611645,2343.6801969772,1,4,NEC,Nothing
306,2340.6801969772,2350.715719726,2,4,NEC,Nothing
307,2349.9956460895,2371.1150844351,2,1, TEG,Nothing
308,2368.1150844351,2377.7586090648997,1,3, TEG,Nothing
309,2381.7901904782,2401.1316155667,3,2,NEC,Nothing
310,2408.2560526541,2421.5260661832,3,2,NEC,Nothing
311,2418.5260661832,2425.340167895,3,3,NEC,Nothing
312,2426.2998734896,2448.0006114023,3,3,NEC,Nothing
313,2458.854002437,2466.7735647992004,1,2, TEG,Nothing
314,2463.7735647992004,2467.6907079222,2,4, TEG,Nothing
315,2466.2585370595,2474.9544965315,2,2,NEC,Nothing
316,2471.9544965315,2479.9921177474,1,3,NEC,Nothing
317,2476.9921177474,2487.0799555328,2,1,NEC,Nothing
318,2484.0799555328,2497.4218370445,2,3,NEC,Nothing
319,2506.1716743608,2517.5951941244,2,1, TEG,Nothing
320,2515.6473884186,2529.0148758607,2,2,NEC,Nothing
321,2528.4129579149,2534.5089243770003,3,3, TEG,Nothing
322,2531.5089243770003,2539.4046153623003,2,2, TEG,Nothing
323,2536.4046153623003,2544.7930845768,3,2, TEG,Nothing
324,2541.7930845768,2551.2559943935003,3,4, TEG,Nothing
325,2548.2559943935003,2554.5439953246,2,4, TEG,Nothing
326,2551.5439953246,2561.5095592896,1,4, TEG,Nothing
327,2559.7335332798,2573.7148321582,3,1,NEC,Nothing
328,2570.7148321582,2577.1947156781,2,2,NEC,Nothing
329,2575.1464710094,2580.4825779788002,2,2, TEG,Nothing
330,2579.5944697229,2583.6984328559,2,1, TEG,Nothing
331,2580.6984328559,2602.4156004031,2,2, TEG,Nothing
332,2599.4156004031,2606.5323560142,3,3, TEG,Nothing
333,2603.5323560142,2609.0684400308,3,4, TEG,Nothing
334,2606.0684400308,2609.8681779278,2,4, TEG,Nothing
335,2608.6521179521,2618.7858523823998,2,1,NEC,Nothing
336,2616.265869451,2622.2657887422,2,2, TEG,Nothing
337,2619.2657887422,2629.8477635210998,1,3, TEG,Nothing
338,2620.7913949584,2640.7913949584,0,0,NEC,Goal TEG
339,2626.8477635210998,2637.0075468054,2,3, TEG,Nothing
340,2683.7868843838,2692.5154808036,2,2,NEC,Nothing
341,2689.9713707075,2695.0914758598,1,2, TEG,Nothing
342,2692.0914758598,2697.7954114203,1,3, TEG,Nothing
343,2705.5765114058,2720.4524796943,1,3, TEG,Nothing
344,2724.5878605098,2733.6277619094,3,2,NEC,Nothing
345,2730.6277619094,2738.5845801810997,3,3,NEC,Nothing
346,2735.5845801810997,2750.19206136,3,4,NEC,Nothing
347,2760.2204137082,2773.8602461159003,2,1, TEG,Nothing
348,2785.1614580045,2794.1351052255,2,2, TEG,Nothing
349,2791.1351052255,2799.0507324466,3,3, TEG,Nothing
350,2799.0507332465995,2822.5979251674,3,3, TEG,Nothing
351,2819.5979251674,2826.8482062726002,2,3, TEG,Nothing
352,2823.8482062726002,2842.1915598424,1,3, TEG,Nothing
353,2849.1635062078003,2853.8914899787,1,3, TEG,Nothing
354,2850.8914899787,2858.6809015006,1,4, TEG,Nothing
355,2874.52,2884.96,0,0,NEC,Goal TEG
356,2881.5682159122,2888.6878274231,1,4, TEG,Nothing
357,2885.6878274231,2898.6152233137,2,4, TEG,Nothing
358,2932.0056389540005,2940.1276834774,2,2,NEC,Nothing
359,2937.1276834774,2943.0477285099,3,3,NEC,Nothing
360,2952.4230351670003,2958.9788648211997,3,4,NEC,Nothing
361,2968.8505939014003,2976.0182728572,1,1, TEG,Nothing
362,2973.0182728572,2986.7894238153003,1,2, TEG,Nothing
363,3003.0507991394,3011.4584366586,1,2, TEG,Nothing
364,3009.1098437438,3014.5337805339,2,1,NEC,Nothing
365,3011.5337805339,3018.0136106040004,1,2,NEC,Nothing
366,3015.0136106040004,3022.1096658871998,1,3,NEC,Nothing
367,3019.1096658871998,3027.9833963153,1,2,NEC,Nothing
368,3025.0194784588,3030.9473149719,2,2,NEC,Nothing
369,3027.9833971153002,3034.4251787263,1,2,NEC,Nothing
370,3031.4251787263,3037.1529799304,2,4,NEC,Nothing
371,3035.0169030923,3039.5207345619,3,1, TEG,Nothing
372,3036.5207345619,3048.9925143632,3,2, TEG,Nothing
373,3046.504396145,3051.3574229602,1,2,NEC,Nothing
374,3048.3574229602,3055.7814158784004,2,2,NEC,Nothing
375,3052.7814158784004,3060.0531233078996,3,2,NEC,Nothing
376,3057.0531233078996,3066.0507948848,3,3,NEC,Nothing
377,3063.0507948848,3071.0907787067,2,2,NEC,Nothing
378,3068.0907787067,3075.6487204821,1,3,NEC,Nothing
379,3073.8884396556,3077.5043750093,3,1, TEG,Nothing
380,3074.5043750093,3079.5283677791,3,2, TEG,Nothing
381,3076.5283677791,3081.6802618149,2,2, TEG,Nothing
382,3079.9502110431,3088.9178492540996,2,3,NEC,Nothing
383,3085.9178492540996,3095.7417654459005,1,4,NEC,Nothing
384,3093.3949199189,3099.0347210214,2,2, TEG,Nothing
385,3096.0347210214,3103.4104770055,3,1, TEG,Nothing
386,3115.1359288289,3130.8299250557,1,3,NEC,Nothing
387,3127.8299250557,3134.4193501324,2,2,NEC,Nothing
388,3136.6509651187,3146.0747907566997,3,2, TEG,Nothing
389,3143.0747907566997,3150.5278774831,3,3, TEG,Nothing
390,3159.8392988543,3170.1509284733,3,3, TEG,Nothing
391,3167.1509284733,3175.0265095417,3,4, TEG,Nothing
392,3172.0265095417,3175.7465178683,2,4, TEG,Nothing
393,3174.0824890297,3177.4904675738,2,1,NEC,Nothing
394,3174.4904675738,3181.6481477679,1,1,NEC,Nothing
395,3184.9119921602,3194.2295974185,2,1,NEC,Nothing
396,3191.6861138178997,3199.2214811268,2,3, TEG,Nothing
397,3197.8054089063003,3204.2512412883,2,2,NEC,Nothing
398,3210.2748872472,3220.1689013971004,2,2,NEC,Nothing
399,3229.6324123452,3246.3200310402003,2,1, TEG,Nothing
400,3243.3200310402003,3257.0415767489003,3,3, TEG,Nothing
401,3268.3435783138,3276.4712408293,3,3, TEG,Nothing
402,3273.4712408293,3279.9399235028004,2,2, TEG,Nothing
403,3276.9399235028004,3282.9317134062,1,2, TEG,Nothing
404,3279.9317134062,3289.9920134894,2,4, TEG,Nothing
405,3292.1677346587,3297.3836538246,2,1,NEC,Nothing
406,3294.3836538246,3305.671061457,2,2,NEC,Nothing
407,3302.671061457,3311.2307006716997,1,2,NEC,Nothing
408,3309.3803315079,3313.1083405305,2,2, TEG,Nothing
409,3310.1083405305,3314.3881387768,2,1, TEG,Nothing
410,3314.3881395768,3330.77174534,2,1, TEG,Nothing
411,3327.77174534,3333.9840206592,2,3, TEG,Nothing
412,3330.9840206592,3338.1758654641,3,3, TEG,Nothing
413,3346.967264552,3355.5991473343,3,3, TEG,Nothing
414,3352.5991473343,3361.9699988664,2,3, TEG,Nothing
415,3387.8791975015997,3394.1270669098,2,3, TEG,Nothing
416,3391.1270669098,3397.8340702816,2,4, TEG,Nothing
417,3413.121373345,3421.7212996714,1,4, TEG,Nothing
418,3418.7212996714,3427.4842521399,2,4, TEG,Nothing
419,3429.7479564888,3437.8838410995,1,4, TEG,Nothing
420,3434.8838410995,3445.2319410562,1,3, TEG,Nothing
421,3442.2319410562,3446.9356612451,1,2, TEG,Nothing
422,3473.5826498328997,3481.3984741166996,1,2, TEG,Nothing
423,3478.7424866645,3482.1272046687,3,2,NEC,Nothing
424,3479.1272046687,3484.0071143153004,2,2,NEC,Nothing
425,3481.0071143153004,3485.3511622581,1,2,NEC,Nothing
426,3482.3511622581,3492.1268810064003,2,1,NEC,Nothing
427,3489.1268810064003,3496.1728021915997,2,3,NEC,Nothing
428,3501.5564894465997,3516.6519255466997,2,2, TEG,Nothing
429,3513.6519255466997,3518.6634690872997,2,3, TEG,Nothing
430,3516.5033807053005,3526.2312855055998,2,2,NEC,Nothing
431,3523.2312855055998,3531.013286234,1,3,NEC,Nothing
432,3535.3808209843,3545.6285282870003,3,2, TEG,Nothing
433,3542.6285282870003,3546.3050473928997,3,3, TEG,Nothing
434,3545.1449401623,3548.544905501,1,2,NEC,Nothing
435,3545.544905501,3552.5608205293,1,3,NEC,Nothing
436,3550.4167327643,3556.752628553,3,1, TEG,Nothing
437,3553.752628553,3563.3662117471995,3,3, TEG,Nothing
438,3583.4981694483004,3591.3378403365996,3,3, TEG,Nothing
439,3588.3378403365996,3599.310871613,2,4, TEG,Nothing
440,3629.8376701159004,3639.7334300516,1,4, TEG,Nothing
441,3636.7334300516,3644.7717801945,2,4, TEG,Nothing
442,3647.0011847294,3667.2326684021004,2,1,NEC,Nothing
443,3664.2326684021004,3669.5890983089002,1,2,NEC,Nothing
444,3676.7886203103003,3684.3564461851,3,2, TEG,Nothing
445,3681.3564461851,3698.7609733071004,3,3, TEG,Nothing
446,3716.7256278117998,3723.1172623510997,3,3, TEG,Nothing
447,3720.1172623510997,3734.0003697278003,3,4, TEG,Nothing
448,3731.0003697278003,3735.4786894411,2,3, TEG,Nothing
449,3733.8146205072,3742.798364683,2,2,NEC,Nothing
450,3742.9636879697996,3751.9156787811,2,2,NEC,Nothing
451,3748.9156787811,3756.2514310295,1,2,NEC,Nothing
452,3753.2514310295,3760.2731519218,1,3,NEC,Nothing
453,3757.2731519218,3767.9528006971996,1,4,NEC,Nothing
454,3764.9528006971996,3775.1020494890004,2,4,NEC,Nothing
455,3772.1020494890004,3783.3097357077004,3,4,NEC,Nothing
456,3798.1703875987,3810.2659769323,2,1, TEG,Nothing
457,3807.2659769323,3812.0441792125,3,3, TEG,Nothing
458,3813.6838598319,3822.4357796717,1,2,NEC,Nothing
459,3819.8996037498,3828.7227604211,3,3, TEG,Nothing
460,3827.8666577869,3836.0074653027,1,2,NEC,Nothing
461,3834.1753518234004,3838.3193705046997,3,3, TEG,Nothing
462,3835.3193705046997,3842.2151784021003,2,3, TEG,Nothing
463,3840.8781600888,3844.4181000884005,2,1,NEC,Nothing
464,3844.4181008884,3851.6618121505,2,1,NEC,Nothing
465,3848.6618121505,3859.4113962440997,3,2,NEC,Nothing
466,3851.3634426917997,3865.883343737,1,0,NEC,Nothing
467,3856.4113962440997,3863.4014238233003,2,2,NEC,Nothing
468,3860.4014238233003,3867.3212107570002,1,2,NEC,Nothing
469,3864.3212107570002,3872.2330942133003,1,3,NEC,Nothing
470,3869.2330942133003,3875.9587602971997,1,4,NEC,Nothing
471,3873.6145930135,3878.2225511669,3,1, TEG,Nothing
472,3875.2225511669,3886.7742959770003,3,2, TEG,Nothing
473,3899.0907050266997,3908.6104181716996,3,2, TEG,Nothing
474,3905.6104181716996,3914.4377806062,1,3, TEG,Nothing
475,3934.4209013132,3940.844592253,1,3, TEG,Nothing
476,3937.844592253,3944.1592905909997,2,4, TEG,Nothing
477,3941.1592905909997,3951.7270384464,3,4, TEG,Nothing
478,3963.6363564365997,3978.235757974,3,4, TEG,Nothing
479,3989.9667896182,3999.4543251310997,3,4, TEG,Nothing
480,3996.4543251310997,4008.98647212,2,3, TEG,Nothing
481,4005.98647212,4013.9048311975,3,4, TEG,Nothing
482,4010.9048311975,4021.6484416656,2,4, TEG,Nothing
483,4022.1099957154997,4044.4694032544,2,1,NEC,Nothing
484,4041.9411460052,4046.5049102507,3,2, TEG,Nothing
485,4043.5049102507,4053.2646745646,3,3, TEG,Nothing
486,4065.3815357533003,4077.2853092258,3,3, TEG,Nothing
487,4074.2853092258,4079.8332230569,2,4, TEG,Nothing
488,4081.969176958,4100.1765829581,2,1,NEC,Nothing
489,4095.4281185695,4112.8678691996,1,0,NEC,Nothing
490,4097.1765829581,4106.8678691996,2,3,NEC,Nothing
491,4125.3694807604,4137.0572679956,2,2, TEG,Nothing
492,4132.348274062801,4150.1401754707,1,0,NEC,Nothing
493,4134.4571409878,4138.9804661691,1,2,NEC,Nothing
494,4135.9804661691,4143.6362101495,1,3,NEC,Nothing
495,4140.6362101495,4145.5802417766,2,3,NEC,Nothing
496,4142.5802417766,4152.6020719332,3,3,NEC,Nothing
497,4149.6020719332,4158.4657693554,3,4,NEC,Nothing
498,4153.215500489,4169.7673259257,1,0,NEC,Nothing
499,4155.4657693554,4163.7673259257,2,4,NEC,Nothing
500,4192.8760368073,4209.4066211619,1,4,NEC,Nothing
501,4206.4066211619,4211.3157080802,2,4,NEC,Nothing
502,4216.5155414309,4222.0672494268,3,2, TEG,Nothing
503,4219.0672494268,4232.4404513242,2,2, TEG,Nothing
504,4248.3416184625,4256.9892463327005,1,2, TEG,Nothing
505,4251.2493895573,4266.5612688564,1,0,NEC,Nothing
506,4254.7851686013,4260.5612688564,2,3,NEC,Nothing
507,4258.1291342188,4261.8650658259,2,2, TEG,Nothing
508,4258.8650658259,4267.2568521226,1,2, TEG,Nothing
509,4264.2568521226,4273.8546381602,1,4, TEG,Nothing
510,4270.8546381602,4280.7184212036,2,3, TEG,Nothing
511,4291.1159161359,4298.4757363553,3,4, TEG,Nothing
512,4295.4757363553,4301.560606382101,2,4, TEG,Nothing
513,4312.5919203296,4317.861042791,2,1,NEC,Nothing
514,4314.861042791,4324.8128308876,1,3,NEC,Nothing
515,4317.428921705,4337.4847574006,1,0,NEC,Nothing
516,4321.8128308876,4333.8656353023,2,3,NEC,Nothing
517,4330.8656353023,4351.591147627801,3,3,NEC,Nothing
518,4349.373426884699,4362.0690951602,1,1, TEG,Nothing
519,4370.8985945533,4378.9785550261995,1,2, TEG,Nothing
520,4389.1991223233,4396.662879238,1,2, TEG,Nothing
521,4394.4275010922,4401.9875035513,3,3,NEC,Nothing
522,4398.9875035513,4407.1871633253,2,3,NEC,Nothing
523,4427.5441922482005,4438.1597153127,2,2, TEG,Nothing
524,4435.1597153127,4444.6665406338,2,4, TEG,Nothing
525,4442.274490507801,4450.9602388059,2,1,NEC,Nothing
526,4447.9602388059,4457.9278372452,1,2,NEC,Nothing
527,4454.9278372452,4459.685905035,2,3,NEC,Nothing
528,4458.077902632,4461.6699578554,2,2, TEG,Nothing
529,4458.6699578554,4470.0455657267,3,2, TEG,Nothing
530,4485.7705474634995,4497.706105595,3,2, TEG,Nothing
531,4493.7414173485995,4507.4162687023,1,0,NEC,Nothing
532,4494.706105595,4498.5416251143,3,3, TEG,Nothing
533,4496.5976714444005,4502.1495475761,1,2,NEC,Nothing
534,4499.1495475761,4509.8853338723,1,3,NEC,Nothing
535,4506.8853338723,4514.5310107312,1,4,NEC,Nothing
536,4507.4162691023,4521.3389959484,1,0,NEC,Nothing
537,4511.5310107312,4521.2665835884,2,3,NEC,Nothing
538,4518.2665835884,4523.3603396206,2,4,NEC,Nothing
539,4520.3603396206,4539.3100738282,1,4,NEC,Nothing
540,4540.6442736593,4547.2281308393,1,4,NEC,Nothing
541,4544.2281308393,4549.1799909242,2,1,NEC,Nothing
542,4546.1799909242,4561.6969259602,2,2,NEC,Nothing
543,4558.6969259602,4568.1023828609,2,3,NEC,Nothing
544,4631.7287968664,4647.2481151846005,2,2, TEG,Nothing
545,4644.2481151846005,4649.7821117494,1,3, TEG,Nothing
546,4647.5981592823,4655.785899768,3,2,NEC,Nothing
547,4655.785900568,4660.0580881481,3,2,NEC,Nothing
548,4657.0580881481,4662.5299285258,2,2,NEC,Nothing
549,4659.5299285258,4667.9138669929,1,2,NEC,Nothing
550,4664.9138669929,4681.2302524869,3,3,NEC,Nothing
551,4674.5900893905,4691.2380397062,1,0,NEC,Nothing
552,4678.2302524869,4685.2380397062,2,4,NEC,Nothing
553,4701.2592842036,4715.8828325244,2,1, TEG,Nothing
554,4712.8828325244,4722.7500461066,3,3, TEG,Nothing
555,4720.6058695128995,4729.9415858271,2,2,NEC,Nothing
556,4722.725877095901,4737.8106928743,1,0,NEC,Nothing
557,4726.9415858271,4732.8507889423,2,3,NEC,Nothing
558,4729.8507889423,4739.0265727358,1,3,NEC,Nothing
559,4736.0265727358,4747.9940691162,2,4,NEC,Nothing
560,4809.073467603,4819.2092548777,2,2, TEG,Nothing
561,4816.2092548777,4822.3195541452005,3,3, TEG,Nothing
562,4820.2234394554,4824.6393336312,1,2,NEC,Nothing
563,4821.6393336312,4825.4074551993,2,1,NEC,Nothing
564,4825.2234678768,4828.7913561481,3,2,NEC,Nothing
565,4825.4074559993,4828.2234678768,2,1,NEC,Nothing
566,4832.4129607451005,4846.4827210307,1,0,NEC,Nothing
567,4838.4504877601,4852.7382686957,1,2, TEG,Nothing
568,4851.287536406599,4855.4561409419,2,2,NEC,Nothing
569,4852.4561409419,4858.2715364567,1,2,NEC,Nothing
570,4855.9035580759,4861.6553824601,3,2, TEG,Nothing
571,4858.6553824601,4864.8151255322,3,3, TEG,Nothing
572,4862.8123994587,4867.4364384144,2,2,NEC,Nothing
573,4864.4364384144,4878.3079999611,3,2,NEC,Nothing
574,4875.3079999611,4883.6971730969,2,3,NEC,Nothing
575,4881.1609813767,4906.3443134665,1,1, TEG,Nothing
576,4920.1306777655,4930.0583918574,1,1, TEG,Nothing
577,4927.0583918574,4932.7418787396,1,2, TEG,Nothing
578,4930.6379281573,4938.4376228319,3,2,NEC,Nothing
579,4935.4376228319,4941.3975340438,1,3,NEC,Nothing
580,4938.3975340438,4944.634809149699,2,2,NEC,Nothing
581,4941.634809149699,4950.7787556508,1,3,NEC,Nothing
582,4947.7787556508,4952.6505193851,2,3,NEC,Nothing
583,4949.6505193851,4954.0804013266,1,4,NEC,Nothing
584,4951.0804013266,4965.4239563482,2,4,NEC,Nothing
585,4952.072022933,4971.4239563482,1,0,NEC,Nothing
586,5033.0973645326,5044.0891393463,2,1, TEG,Nothing
587,5042.0140361996,5046.702036644,2,1,NEC,Nothing
588,5043.702036644,5053.9017354861,1,2,NEC,Nothing
589,5050.9017354861,5063.3795527231,3,3,NEC,Nothing
590,5056.8753611483,5070.769710492,1,0,NEC,Nothing
591,5060.3795527231,5064.769710492,2,4,NEC,Nothing
592,5062.8576038301,5066.5455446384,2,1, TEG,Nothing
593,5063.5455446384,5070.6973479887,3,2, TEG,Nothing
594,5069.3214284706,5078.8011891375,1,3,NEC,Nothing
595,5076.1931504686,5086.821528343,1,2, TEG,Nothing
596,5084.9256152584,5097.3075143827,3,3,NEC,Nothing
597,5094.3075143827,5109.099060699,2,3,NEC,Nothing
598,5102.5308452081,5121.7032663871005,1,0,NEC,Nothing
599,5106.099060699,5115.2753775778,2,4,NEC,Nothing
600,5112.3274397215,5118.2233162341,3,4,NEC,Nothing
601,5115.275378377801,5122.2532219846,2,4,NEC,Nothing
602,5119.2532219846,5129.5890102232,3,4,NEC,Nothing
603,5131.82076689,5143.5375091298,3,4,NEC,Nothing
604,5140.5375091298,5151.1072114634,2,4,NEC,Nothing
605,5148.6791945641,5153.5352291627005,3,4,NEC,Nothing
606,5151.1072122634005,5160.1887014779995,2,4,NEC,Nothing
607,5172.8004081036,5183.664278535,2,1, TEG,Nothing
608,5180.664278535,5193.1501104857,3,3, TEG,Nothing
609,5194.6045938324,5202.5240767468,1,2,NEC,Nothing
610,5196.7860727139005,5212.8740072186,1,0,NEC,Nothing
611,5199.5240767468,5206.8740072186,1,3,NEC,Nothing
612,5204.5779897832,5210.36993154,2,2, TEG,Nothing
613,5207.36993154,5214.0098296972,3,2, TEG,Nothing
614,5211.0098296972,5219.3034832616995,3,3, TEG,Nothing
615,5219.3353810082,5224.0392251509,1,2,NEC,Nothing
616,5254.3396795533,5258.7651931116,1,2,NEC,Nothing
617,5255.7651931116,5262.7009638442,2,1,NEC,Nothing
618,5259.7009638442,5270.9086568412,3,2,NEC,Nothing
619,5267.9086568412,5277.1148623436,2,3,NEC,Nothing
620,5274.1148623436,5283.344621084,1,3,NEC,Nothing
621,5280.7766884188,5285.4726850337,3,2, TEG,Nothing
622,5283.344621884,5290.760372032801,1,3,NEC,Nothing
623,5296.533843252199,5308.097557864699,1,3,NEC,Nothing
624,5305.097557864699,5311.9133971422,1,2,NEC,Nothing
625,5308.9133971422,5317.2091834531,1,3,NEC,Nothing
626,5314.2091834531,5322.6960277591,2,2,NEC,Nothing
627,5319.6960277591,5334.5835307094,1,4,NEC,Nothing
628,5347.2519555111,5354.45966082,2,1, TEG,Nothing
629,5351.45966082,5356.0960584347995,3,3, TEG,Nothing
630,5354.5358673621,5360.2639574729,1,3,NEC,Nothing
631,5357.9837918896,5361.5278441983,3,2, TEG,Nothing
632,5358.5278441983,5367.567618060901,3,1, TEG,Nothing
633,5365.063444334,5372.3404650349,1,3,NEC,Nothing
634,5369.3404650349,5378.7401283202,1,4,NEC,Nothing
635,5376.204131140999,5380.5939415281,3,1, TEG,Nothing
636,5377.5939415281,5383.185821240901,3,2, TEG,Nothing
637,5381.433754734,5385.8736969596,1,3,NEC,Nothing
638,5382.8736969596,5393.2149429848,3,3,NEC,Nothing
639,5390.2149429848,5399.7186447833,2,2,NEC,Nothing
640,5397.08651926,5402.5392314844,2,1, TEG,Nothing
641,5409.0989990232,5419.9386630802,2,1, TEG,Nothing
642,5416.9386630802,5428.176488486401,3,3, TEG,Nothing
643,5439.2938405639,5446.699880668,1,2,NEC,Nothing
644,5443.699880668,5449.835731944099,2,3,NEC,Nothing
645,5448.4518112261,5456.4011350035,3,3, TEG,Nothing
646,5453.4011350035,5458.6812338693,2,2, TEG,Nothing
647,5455.6812338693,5465.6569520786,3,2, TEG,Nothing
648,5472.094150598,5477.374155864,3,2, TEG,Nothing
649,5474.374155864,5478.3476955852,3,3, TEG,Nothing
650,5476.7877076107,5481.2275938873,2,2,NEC,Nothing
651,5478.2275938873,5486.8194591983,3,2,NEC,Nothing
652,5483.8194591983,5488.6015392308,2,4,NEC,Nothing
653,5486.4971804559,5491.7692772282,3,1, TEG,Nothing
654,5490.8330906311,5500.9103927675,1,4,NEC,Nothing
655,5498.718384855601,5506.0143403466,3,1, TEG,Nothing
656,5506.6679754937,5513.1880011995,2,2,NEC,Nothing
657,5510.1880011995,5514.155871280301,1,2,NEC,Nothing
658,5511.155871280301,5516.627827503001,1,3,NEC,Nothing
659,5513.627827503001,5528.407444092701,2,3,NEC,Nothing
660,5525.407444092701,5536.111077275601,2,4,NEC,Nothing
661,5535.293623240699,5541.8214144601,1,2,NEC,Nothing
662,5538.8214144601,5545.4773911466,1,3,NEC,Nothing
663,5542.4773911466,5553.5152956461,2,4,NEC,Nothing
664,5555.5131240911,5569.656131251701,1,4,NEC,Nothing
665,5566.656131251701,5581.323878655699,2,4,NEC,Nothing
666,5638.0633548862,5645.6551600422,1,3,NEC,Nothing
667,5643.1912866289,5647.823319774499,3,2, TEG,Nothing
668,5645.223051402701,5655.9335757810995,2,3,NEC,Nothing
669,5653.4613389824,5659.5414270355,2,1, TEG,Nothing
670,5661.9314456628,5670.2511731702,2,1, TEG,Nothing
671,5667.2511731702,5671.537213292199,3,3, TEG,Nothing
672,5670.4171666672,5674.2811249445995,2,2,NEC,Nothing
673,5671.5130989265,5677.5369975817,2,3, TEG,Nothing
674,5675.3369974667,5679.6967296166,2,1,NEC,Nothing
675,5676.6967296166,5686.8026345311,3,1,NEC,Nothing
676,5686.8026353311,5694.9478651526,3,1,NEC,Nothing
677,5691.9478651526,5704.3848349426,3,3,NEC,Nothing
678,5701.3848349426,5713.432367121601,2,4,NEC,Nothing
679,5712.2787122998,5730.6382642023,2,1, TEG,Nothing
680,5727.6382642023,5733.482630770301,2,3, TEG,Nothing
681,5752.9856217334,5775.8090973084,2,3, TEG,Nothing
